binding_partner,saambe3d,foldx,mcsmppi,ddmutppi,isee,count
ddg_P48436_SOX9_197-202_str,1,1,1,1,1,5
ddg_P49418_AMPH1_290-294_str,1,1,1,1,1,5
ddg_P56524_HDAC4_630-635_str,1,1,1,1,1,5
ddg_P78347_GTF2I_671-675_str,1,1,1,1,1,5
ddg_Q13501_SQSTM1_p62_270-275_str,1,1,1,1,0,4
ddg_Q14241_ELOA_282-286_str,1,1,1,1,1,5
ddg_Q15555_EB2_MAPRE2_220-224_str,1,1,1,1,0,4
ddg_Q15878_CACNA1E_Cav2.3_11-15_str,1,0,1,1,0,3
ddg_Q15878_CACNA1E_Cav2.3_561-565_str,1,0,1,1,0,3
ddg_Q66K74_MAP1S_635-639_str,1,1,1,1,1,5
ddg_Q66K74_MAP1S_897-901_str,1,1,1,1,1,5
ddg_Q86YP4_GATAD2A_97-101_str,1,1,1,1,1,5
ddg_Q8TAP8_PPP1R35_49-53_str,1,1,1,1,1,5
ddg_Q8TAP9_TTDN1_37-41_str,1,1,1,1,1,5
ddg_Q8TAP9_TTDN1_7-11_str,1,1,1,1,1,5
ddg_Q8TDM6_DLG5_1112-1116_str,1,1,1,1,1,5
ddg_Q8TDM6_DLG5_981-985_str,1,1,1,1,1,5
ddg_Q92974_ARHGEF2_119-123_str,1,1,1,1,1,5
ddg_Q9HCJ2_NGL-1_KIAA1580_LRRC4C_629-634_str,1,1,1,1,0,4
ddg_Q9P2Y4_ZNF219_111-115_str,1,1,1,1,1,5
ddg_Q9P2Y4_ZNF219_408-412_str,1,1,1,1,1,5
ddg_Q9P2Y4_ZNF219_595-599_str,1,1,1,1,1,5
ddg_Q9UPN4_CEP131_32-36_str,1,1,1,1,1,5
